,S,K,r,v,t,premium,optype
0,2011.48,1000.0,0,256.44,0.0009525304414003044,0.50338,C
1,2011.48,1000.0,0,256.44,0.0009525304414003044,0.0,P
2,2011.48,1400.0,0,256.75,0.0009525304414003044,0.304733,C
3,2011.48,1400.0,0,256.75,0.0009525304414003044,2e-06,P
4,2011.48,1600.0,0,248.22,0.0009525304414003044,0.20556,C
5,2011.48,1600.0,0,248.22,0.0009525304414003044,0.000184,P
6,2011.48,1800.0,0,130.87,0.0009525304414003044,0.106227,C
7,2011.48,1800.0,0,130.87,0.0009525304414003044,0.00018,P
8,2011.48,1900.0,0,85.51,0.0009525304414003044,0.05682,C
9,2011.48,1900.0,0,85.51,0.0009525304414003044,0.000437,P
10,2011.48,2000.0,0,51.0,0.0009524987316083207,0.01144,C
11,2011.48,2000.0,0,51.0,0.0009524987316083207,0.00472,P
12,2011.48,2100.0,0,66.35,0.0009524987316083207,0.000479,C
13,2011.48,2100.0,0,66.35,0.0009524987316083207,0.043424,P
14,2011.48,2200.0,0,97.66,0.0009524987316083207,0.0001,C
15,2011.48,2200.0,0,97.66,0.0009524987316083207,0.092708,P
16,2011.48,2300.0,0,139.58,0.0009524987316083207,0.0001,C
17,2011.48,2300.0,0,139.6,0.0009524987316083207,0.142446,P
18,2011.48,2400.0,0,178.37,0.0009524987316083207,0.0001,C
19,2011.48,2400.0,0,178.37,0.0009524987316083207,0.192113,P
20,2011.48,2500.0,0,214.64,0.0009524987316083207,0.0001,C
21,2011.48,2500.0,0,214.64,0.0009524987316083207,0.24178,P
22,2011.48,2600.0,0,248.82,0.0009524987316083207,0.0001,C
23,2011.48,2600.0,0,248.82,0.0009524670218163369,0.291448,P
24,2011.48,2700.0,0,281.2,0.0009524670218163369,0.0001,C
25,2011.48,2700.0,0,281.2,0.0009524670218163369,0.341115,P
26,2011.48,2800.0,0,311.99,0.0009524670218163369,0.0001,C
27,2011.48,2800.0,0,311.99,0.0009524670218163369,0.390782,P
28,2011.48,2900.0,0,341.35,0.0009524670218163369,0.0001,C
29,2011.48,2900.0,0,341.35,0.0009524670218163369,0.440449,P
30,2011.48,3000.0,0,341.92,0.0009524670218163369,4.1e-05,C
31,2011.48,3000.0,0,341.92,0.0009524670218163369,0.490124,P
32,2011.48,3100.0,0,347.54,0.0009524670218163369,2e-05,C
33,2011.48,3100.0,0,347.54,0.0009524670218163369,0.539773,P
34,2011.48,3200.0,0,349.75,0.0009524670218163369,9e-06,C
35,2011.48,3200.0,0,349.75,0.0009524353120243531,0.589431,P
36,2011.48,3300.0,0,349.78,0.0009524353120243531,3e-06,C
37,2011.48,3300.0,0,349.78,0.0009524353120243531,0.639095,P
38,2011.48,3400.0,0,350.0,0.0009524353120243531,1e-06,C
39,2011.48,3400.0,0,350.0,0.0009524353120243531,0.688763,P
40,2011.48,3500.0,0,349.64,0.0009524353120243531,0.0,C
41,2011.48,3500.0,0,349.64,0.0009524353120243531,0.738431,P
42,2011.48,3600.0,0,350.0,0.0009524353120243531,0.0,C
43,2011.48,3600.0,0,359.09,0.0009524353120243531,0.788225,P
44,2011.48,3700.0,0,359.09,0.0009524353120243531,0.0,C
45,2011.48,3700.0,0,359.09,0.0009524353120243531,0.837898,P
46,2011.48,3800.0,0,359.09,0.0009524353120243531,0.0,C
47,2011.48,3800.0,0,359.09,0.0009524353120243531,0.88757,P
48,2011.48,3900.0,0,359.09,0.0009524036022323693,0.0,C
49,2011.48,3900.0,0,359.09,0.0009524036022323693,0.937243,P
50,2011.48,4000.0,0,359.09,0.0009524036022323693,0.0,C
51,2011.48,4000.0,0,359.09,0.0009524036022323693,0.986916,P
52,2011.48,4100.0,0,359.09,0.0009524036022323693,0.0,C
53,2011.48,4100.0,0,359.09,0.0009524036022323693,1.036589,P
54,2011.48,4200.0,0,359.09,0.0009524036022323693,0.0,C
55,2011.48,4200.0,0,359.09,0.0009524036022323693,1.086262,P
56,2011.48,4300.0,0,350.0,0.0009524036022323693,0.0,C
57,2011.48,4300.0,0,350.0,0.0009524036022323693,1.136115,P
58,2011.48,4400.0,0,350.0,0.0009524036022323693,0.0,C
59,2011.48,4400.0,0,350.0,0.0009524036022323693,1.185792,P
60,2011.48,4500.0,0,350.0,0.0009524036022323693,0.0,C
61,2011.48,4500.0,0,350.0,0.0009523718924403856,1.235469,P
62,2011.48,4600.0,0,350.0,0.0009523718924403856,0.0,C
63,2011.48,4600.0,0,350.0,0.0009523718924403856,1.285147,P
64,2011.48,4800.0,0,350.0,0.0009523718924403856,0.0,C
65,2011.48,4800.0,0,350.0,0.0009523718924403856,1.384501,P
66,2011.48,5000.0,0,350.0,0.0009523718924403856,0.0,C
67,2011.48,5000.0,0,350.0,0.0009523718924403856,1.483855,P
68,2011.48,5200.0,0,340.91,0.0009523718924403856,0.0,C
69,2011.48,5200.0,0,340.91,0.0009523718924403856,1.583235,P
70,2011.48,5400.0,0,340.91,0.0009523718924403856,0.0,C
71,2011.48,5400.0,0,340.91,0.0009523718924403856,1.68259,P
72,2011.48,5600.0,0,340.91,0.0009523718924403856,0.0,C
73,2011.48,5600.0,0,340.91,0.0009523718924403856,1.781945,P
74,2011.48,5800.0,0,340.91,0.0009523401826484018,0.0,C
75,2011.48,5800.0,0,340.91,0.0009523401826484018,1.8813,P
76,2011.48,6000.0,0,340.91,0.0009523401826484018,0.0,C
77,2011.48,6000.0,0,340.91,0.0009523401826484018,1.980656,P
78,2011.48,6200.0,0,340.91,0.0009523401826484018,0.0,C
79,2011.48,6200.0,0,340.91,0.0009523401826484018,2.080011,P
80,2011.48,6400.0,0,340.91,0.0009523401826484018,0.0,C
81,2011.48,6400.0,0,350.0,0.0009523401826484018,2.179303,P
82,2011.48,6600.0,0,350.0,0.0009523401826484018,0.0,C
83,2011.48,6600.0,0,350.0,0.0009523401826484018,2.278656,P
84,2011.48,6800.0,0,350.0,0.0009523401826484018,0.0,C
85,2011.48,6800.0,0,350.0,0.0009523401826484018,2.378009,P
86,2011.48,7000.0,0,350.0,0.0009523084728564181,0.0,C
87,2011.48,7000.0,0,350.0,0.0009523084728564181,2.477362,P
88,2011.48,7200.0,0,350.0,0.0009523084728564181,0.0,C
89,2011.48,7200.0,0,350.0,0.0009523084728564181,2.576716,P
90,2011.48,7400.0,0,350.0,0.0009523084728564181,0.0,C
91,2011.48,7400.0,0,350.0,0.0009523084728564181,2.676069,P
92,2011.48,7600.0,0,350.0,0.0009523084728564181,0.0,C
93,2011.48,7600.0,0,350.0,0.0009523084728564181,2.775422,P
94,2011.48,7800.0,0,359.09,0.0009523084728564181,0.0,C
95,2011.48,7800.0,0,359.09,0.0009523084728564181,2.874737,P
96,2011.48,8000.0,0,359.09,0.0009523084728564181,0.0,C
97,2011.48,8000.0,0,359.09,0.0009523084728564181,2.974089,P
98,2011.48,8200.0,0,359.09,0.0009523084728564181,0.0,C
99,2011.48,8200.0,0,359.09,0.0009522767630644343,3.073441,P
100,2011.48,9000.0,0,359.09,0.0009522767630644343,0.0,C
101,2011.48,9000.0,0,359.09,0.0009522767630644343,3.47085,P
102,2011.48,10000.0,0,359.09,0.0009522767630644343,0.0,C
103,2011.48,10000.0,0,359.09,0.0009522767630644343,3.967611,P
104,2011.48,11000.0,0,359.09,0.0009522767630644343,0.0,C
105,2011.48,11000.0,0,359.09,0.0009522767630644343,4.464372,P
106,2011.48,12000.0,0,350.0,0.0009522767630644343,0.0,C
107,2011.48,12000.0,0,350.0,0.0009522767630644343,4.961163,P
108,2011.48,13000.0,0,300.0,0.0009522767630644343,0.0,C
109,2011.48,13000.0,0,300.0,0.0009522767630644343,5.457927,P
110,2011.48,14000.0,0,300.0,0.0009522767630644343,0.0,C
111,2011.48,14000.0,0,300.0,0.0009522767630644343,5.95469,P
112,2011.48,15000.0,0,300.0,0.0009522450532724506,0.0,C
113,2011.48,15000.0,0,300.0,0.0009522450532724506,6.451454,P
114,2011.48,16000.0,0,300.0,0.0009522450532724506,0.0,C
115,2011.48,16000.0,0,300.0,0.0009522450532724506,6.948217,P
116,2011.48,17000.0,0,300.0,0.0009522450532724506,0.0,C
117,2011.48,17000.0,0,300.0,0.0009522450532724506,7.444981,P
118,2011.48,18000.0,0,300.0,0.0009522450532724506,0.0,C
119,2011.48,18000.0,0,300.0,0.0009522450532724506,7.941745,P
120,2011.48,19000.0,0,300.0,0.0009522450532724506,0.0,C
121,2011.48,19000.0,0,300.0,0.0009522450532724506,8.438508,P
122,2011.48,20000.0,0,300.0,0.0009522450532724506,0.0,C
123,2011.48,20000.0,0,300.0,0.0009522450532724506,8.935272,P
124,2011.48,1850.0,0,78.85,0.003691971080669711,0.081082,C
125,2011.48,1850.0,0,78.85,0.003691939370877727,0.001022,P
126,2011.48,1900.0,0,67.99,0.003691939370877727,0.05715,C
127,2011.48,1900.0,0,67.99,0.003691939370877727,0.001953,P
128,2011.48,1925.0,0,63.29,0.003691939370877727,0.045657,C
129,2011.48,1925.0,0,63.29,0.003691939370877727,0.002892,P
130,2011.48,1950.0,0,59.46,0.003691939370877727,0.034833,C
131,2011.48,1950.0,0,59.46,0.003691939370877727,0.0045,P
132,2011.48,1975.0,0,56.96,0.003691939370877727,0.02518,C
133,2011.48,1975.0,0,56.96,0.003691939370877727,0.007279,P
134,2011.48,2000.0,0,54.01,0.003691939370877727,0.016747,C
135,2011.48,2000.0,0,54.01,0.003691939370877727,0.011277,P
136,2011.48,2025.0,0,51.76,0.003691939370877727,0.010154,C
137,2011.48,2025.0,0,51.71,0.0036919076610857434,0.017284,P
138,2011.48,2050.0,0,51.76,0.0036919076610857434,0.005817,C
139,2011.48,2050.0,0,51.76,0.0036919076610857434,0.025519,P
140,2011.48,2075.0,0,54.47,0.0036919076610857434,0.00357,C
141,2011.48,2075.0,0,54.47,0.0036919076610857434,0.035708,P
142,2011.48,2100.0,0,55.48,0.0036919076610857434,0.001965,C
143,2011.48,2100.0,0,55.48,0.0036919076610857434,0.046539,P
144,2011.48,2125.0,0,59.15,0.0036919076610857434,0.00127,C
145,2011.48,2125.0,0,59.15,0.0036919076610857434,0.058279,P
146,2011.48,2150.0,0,61.71,0.0036919076610857434,0.000772,C
147,2011.48,2150.0,0,61.71,0.0036919076610857434,0.070216,P
148,2011.48,2200.0,0,70.67,0.0036919076610857434,0.000427,C
149,2011.48,2200.0,0,70.67,0.0036919076610857434,0.094742,P
150,2011.48,2250.0,0,75.86,0.0036918759512937593,0.000187,C
151,2011.48,2250.0,0,75.86,0.0036918759512937593,0.119373,P
152,2011.48,1850.0,0,65.75,0.00643160197869102,0.081234,C
153,2011.48,1850.0,0,65.75,0.00643160197869102,0.001454,P
154,2011.48,1900.0,0,57.38,0.00643160197869102,0.057583,C
155,2011.48,1900.0,0,57.38,0.00643160197869102,0.002673,P
156,2011.48,1950.0,0,51.18,0.00643160197869102,0.035835,C
157,2011.48,1950.0,0,51.18,0.00643160197869102,0.005796,P
158,2011.48,1975.0,0,49.13,0.00643160197869102,0.026431,C
159,2011.48,1975.0,0,49.13,0.00643160197869102,0.008828,P
160,2011.48,2000.0,0,47.87,0.00643160197869102,0.018529,C
161,2011.48,2000.0,0,47.87,0.00643160197869102,0.013361,P
162,2011.48,2025.0,0,47.23,0.00643160197869102,0.012329,C
163,2011.48,2025.0,0,47.23,0.006431570268899036,0.019596,P
164,2011.48,2050.0,0,47.45,0.006431570268899036,0.007923,C
165,2011.48,2050.0,0,47.45,0.006431570268899036,0.027626,P
166,2011.48,2075.0,0,47.8,0.006431570268899036,0.004868,C
167,2011.48,2075.0,0,47.8,0.006431570268899036,0.037006,P
168,2011.48,2100.0,0,49.33,0.006431570268899036,0.003076,C
169,2011.48,2100.0,0,49.33,0.006431570268899036,0.047649,P
170,2011.48,2150.0,0,52.86,0.006431570268899036,0.001241,C
171,2011.48,2150.0,0,52.86,0.006431570268899036,0.070685,P
172,2011.48,2200.0,0,56.16,0.006431570268899036,0.000494,C
173,2011.48,2200.0,0,56.16,0.006431570268899036,0.094809,P
174,2011.48,1300.0,0,124.73,0.020130200405885337,0.353948,C
175,2011.48,1300.0,0,124.73,0.020130168696093353,0.000348,P
176,2011.48,1400.0,0,111.4,0.020130168696093353,0.304415,C
177,2011.48,1400.0,0,111.4,0.020130168696093353,0.000537,P
178,2011.48,1500.0,0,105.34,0.020130168696093353,0.255451,C
179,2011.48,1500.0,0,105.34,0.020130168696093353,0.001296,P
180,2011.48,1600.0,0,88.37,0.020130168696093353,0.206059,C
181,2011.48,1600.0,0,88.37,0.020130168696093353,0.001596,P
182,2011.48,1700.0,0,77.73,0.020130168696093353,0.157693,C
183,2011.48,1700.0,0,77.73,0.020130168696093353,0.002951,P
184,2011.48,1800.0,0,68.45,0.020130168696093353,0.111026,C
185,2011.48,1800.0,0,68.45,0.020130168696093353,0.006005,P
186,2011.48,1900.0,0,62.19,0.020130168696093353,0.069047,C
187,2011.48,1900.0,0,62.19,0.020130168696093353,0.013747,P
188,2011.48,2000.0,0,56.98,0.02013013698630137,0.03538,C
189,2011.48,2000.0,0,56.98,0.02013013698630137,0.029802,P
190,2011.48,2100.0,0,56.82,0.02013013698630137,0.015715,C
191,2011.48,2100.0,0,56.82,0.02013013698630137,0.059857,P
192,2011.48,2200.0,0,58.73,0.02013013698630137,0.006477,C
193,2011.48,2200.0,0,58.74,0.02013013698630137,0.100348,P
194,2011.48,2300.0,0,62.78,0.02013013698630137,0.00289,C
195,2011.48,2300.0,0,62.78,0.02013013698630137,0.14648,P
196,2011.48,2400.0,0,68.1,0.02013013698630137,0.001489,C
197,2011.48,2400.0,0,68.1,0.02013013698630137,0.1948,P
198,2011.48,2500.0,0,75.3,0.02013013698630137,0.000985,C
199,2011.48,2500.0,0,75.3,0.02013013698630137,0.244017,P
200,2011.48,2600.0,0,81.16,0.02013013698630137,0.000637,C
201,2011.48,2600.0,0,81.16,0.020130105276509387,0.293391,P
202,2011.48,2700.0,0,88.49,0.020130105276509387,0.000507,C
203,2011.48,2700.0,0,88.49,0.020130105276509387,0.342983,P
204,2011.48,2800.0,0,97.74,0.020130105276509387,0.000507,C
205,2011.48,2800.0,0,97.74,0.020130105276509387,0.392704,P
206,2011.48,2900.0,0,106.54,0.020130105276509387,0.000507,C
207,2011.48,2900.0,0,106.54,0.020130105276509387,0.442382,P
208,2011.48,3000.0,0,114.94,0.020130105276509387,0.000507,C
209,2011.48,3000.0,0,114.94,0.020130105276509387,0.492102,P
210,2011.48,3100.0,0,122.96,0.020130105276509387,0.000507,C
211,2011.48,3100.0,0,122.96,0.020130105276509387,0.541822,P
212,2011.48,3200.0,0,123.87,0.020130105276509387,0.000314,C
213,2011.48,3200.0,0,123.87,0.020130105276509387,0.591348,P
214,2011.48,1300.0,0,114.28,0.03930815575849823,0.355872,C
215,2011.48,1300.0,0,114.28,0.03930815575849823,0.001927,P
216,2011.48,1400.0,0,100.91,0.03930815575849823,0.306619,C
217,2011.48,1400.0,0,100.91,0.03930815575849823,0.002371,P
218,2011.48,1500.0,0,88.08,0.03930815575849823,0.257508,C
219,2011.48,1500.0,0,88.08,0.03930815575849823,0.002956,P
220,2011.48,1600.0,0,76.6,0.03930815575849823,0.208833,C
221,2011.48,1600.0,0,76.6,0.03930815575849823,0.003978,P
222,2011.48,1700.0,0,69.05,0.03930815575849823,0.161898,C
223,2011.48,1700.0,0,69.05,0.03930815575849823,0.006739,P
224,2011.48,1800.0,0,63.96,0.03930815575849823,0.118152,C
225,2011.48,1800.0,0,63.96,0.03930815575849823,0.012689,P
226,2011.48,1900.0,0,59.7,0.03930812404870624,0.079273,C
227,2011.48,1900.0,0,59.7,0.03930812404870624,0.023512,P
228,2011.48,2000.0,0,57.89,0.03930812404870624,0.048987,C
229,2011.48,2000.0,0,57.89,0.03930812404870624,0.042922,P
230,2011.48,2100.0,0,58.29,0.03930812404870624,0.028696,C
231,2011.48,2100.0,0,58.29,0.03930812404870624,0.072328,P
232,2011.48,2200.0,0,65.59,0.03930812404870624,0.020114,C
233,2011.48,2200.0,0,65.59,0.03930812404870624,0.113443,P
234,2011.48,2300.0,0,62.19,0.03930812404870624,0.009492,C
235,2011.48,2300.0,0,62.19,0.03930812404870624,0.152517,P
236,2011.48,2400.0,0,64.52,0.03930812404870624,0.005495,C
237,2011.48,2400.0,0,64.52,0.03930812404870624,0.198217,P
238,2011.48,2500.0,0,68.11,0.03930812404870624,0.003527,C
239,2011.48,2500.0,0,68.11,0.039308092338914254,0.245956,P
240,2011.48,2600.0,0,68.95,0.039308092338914254,0.001892,C
241,2011.48,2600.0,0,68.95,0.039308092338914254,0.294018,P
242,2011.48,2700.0,0,74.76,0.039308092338914254,0.001575,C
243,2011.48,2700.0,0,74.76,0.039308092338914254,0.343399,P
244,2011.48,2800.0,0,82.37,0.039308092338914254,0.001591,C
245,2011.48,2800.0,0,82.37,0.039308092338914254,0.393112,P
246,2011.48,1400.0,0,83.75,0.05848617453069508,0.307071,C
247,2011.48,1400.0,0,83.75,0.05848617453069508,0.002494,P
248,2011.48,1500.0,0,81.22,0.05848617453069508,0.259963,C
249,2011.48,1500.0,0,81.22,0.05848617453069508,0.00506,P
250,2011.48,1600.0,0,72.38,0.05848617453069508,0.212236,C
251,2011.48,1600.0,0,72.38,0.05848617453069508,0.007005,P
252,2011.48,1700.0,0,80.33,0.05848614282090309,0.174608,C
253,2011.48,1700.0,0,80.33,0.05848614282090309,0.019063,P
254,2011.48,1800.0,0,61.87,0.05848614282090309,0.124631,C
255,2011.48,1800.0,0,61.87,0.05848614282090309,0.01876,P
256,2011.48,1900.0,0,59.47,0.05848614282090309,0.088447,C
257,2011.48,1900.0,0,59.47,0.05848614282090309,0.03225,P
258,2011.48,2000.0,0,58.21,0.05848614282090309,0.059475,C
259,2011.48,2000.0,0,58.21,0.05848614282090309,0.052951,P
260,2011.48,2100.0,0,58.36,0.05848614282090309,0.038661,C
261,2011.48,2100.0,0,58.36,0.05848614282090309,0.081811,P
262,2011.48,2200.0,0,58.77,0.05848614282090309,0.024232,C
263,2011.48,2200.0,0,58.77,0.05848614282090309,0.117056,P
264,2011.48,2300.0,0,59.31,0.05848614282090309,0.014736,C
265,2011.48,2300.0,0,59.31,0.058486111111111114,0.157228,P
266,2011.48,2400.0,0,60.87,0.058486111111111114,0.009232,C
267,2011.48,2400.0,0,60.87,0.058486111111111114,0.201397,P
268,2011.48,2500.0,0,63.85,0.058486111111111114,0.006358,C
269,2011.48,2500.0,0,63.85,0.058486111111111114,0.248197,P
270,2011.48,2600.0,0,65.13,0.058486111111111114,0.003995,C
271,2011.48,2600.0,0,65.13,0.058486111111111114,0.295507,P
272,2011.48,2700.0,0,71.08,0.058486111111111114,0.003634,C
273,2011.48,2700.0,0,71.08,0.058486111111111114,0.34482,P
274,2011.48,2800.0,0,77.36,0.058486111111111114,0.003512,C
275,2011.48,2800.0,0,77.36,0.058486111111111114,0.394372,P
276,2011.48,1000.0,0,107.06,0.07766419330289193,0.504181,C
277,2011.48,1000.0,0,107.06,0.07766416159309995,0.00068,P
278,2011.48,1200.0,0,104.66,0.07766416159309995,0.407645,C
279,2011.48,1200.0,0,104.66,0.07766416159309995,0.003444,P
280,2011.48,1400.0,0,79.17,0.07766416159309995,0.308748,C
281,2011.48,1400.0,0,79.17,0.07766416159309995,0.003848,P
282,2011.48,1500.0,0,72.7,0.07766416159309995,0.26098,C
283,2011.48,1500.0,0,72.7,0.07766416159309995,0.005729,P
284,2011.48,1600.0,0,67.96,0.07766416159309995,0.214843,C
285,2011.48,1600.0,0,67.96,0.07766416159309995,0.009243,P
286,2011.48,1800.0,0,61.47,0.07766416159309995,0.131313,C
287,2011.48,1800.0,0,61.47,0.07766416159309995,0.025013,P
288,2011.48,1900.0,0,59.3,0.07766416159309995,0.09642,C
289,2011.48,1900.0,0,59.3,0.07766416159309995,0.039769,P
290,2011.48,2000.0,0,57.59,0.07766412988330797,0.067483,C
291,2011.48,2000.0,0,57.59,0.07766412988330797,0.060482,P
292,2011.48,2100.0,0,57.91,0.07766412988330797,0.046729,C
293,2011.48,2100.0,0,57.91,0.07766412988330797,0.089378,P
294,2011.48,2200.0,0,58.51,0.07766412988330797,0.031699,C
295,2011.48,2200.0,0,58.51,0.07766412988330797,0.123999,P
296,2011.48,2300.0,0,59.3,0.07766412988330797,0.021218,C
297,2011.48,2300.0,0,59.3,0.07766412988330797,0.163168,P
298,2011.48,2400.0,0,60.4,0.07766412988330797,0.014234,C
299,2011.48,2400.0,0,60.4,0.07766412988330797,0.205834,P
300,2011.48,2500.0,0,61.59,0.07766412988330797,0.00957,C
301,2011.48,2500.0,0,61.59,0.07766412988330797,0.250819,P
302,2011.48,2600.0,0,68.08,0.07766412988330797,0.008969,C
303,2011.48,2600.0,0,68.08,0.07766409817351598,0.299868,P
304,2011.48,2700.0,0,65.77,0.07766409817351598,0.004996,C
305,2011.48,2700.0,0,65.77,0.07766409817351598,0.345598,P
306,2011.48,2800.0,0,68.08,0.07766409817351598,0.003786,C
307,2011.48,2800.0,0,68.08,0.07766409817351598,0.39404,P
308,2011.48,2900.0,0,69.56,0.07766409817351598,0.002741,C
309,2011.48,2900.0,0,69.56,0.07766409817351598,0.442647,P
310,2011.48,3000.0,0,72.53,0.07766409817351598,0.002293,C
311,2011.48,3000.0,0,72.53,0.07766409817351598,0.491851,P
312,2011.48,3100.0,0,74.44,0.07766409817351598,0.001791,C
313,2011.48,3100.0,0,74.44,0.07766409817351598,0.541001,P
314,2011.48,3200.0,0,76.83,0.07766409817351598,0.00149,C
315,2011.48,3200.0,0,76.83,0.07766409817351598,0.590352,P
316,2011.48,3300.0,0,79.42,0.077664066463724,0.001289,C
317,2011.48,3300.0,0,79.42,0.077664066463724,0.639803,P
318,2011.48,3400.0,0,81.55,0.077664066463724,0.001087,C
319,2011.48,3400.0,0,81.55,0.077664066463724,0.689253,P
320,2011.48,3500.0,0,82.56,0.077664066463724,0.000836,C
321,2011.48,3500.0,0,82.56,0.077664066463724,0.738653,P
322,2011.48,3600.0,0,85.42,0.077664066463724,0.000782,C
323,2011.48,3600.0,0,85.42,0.077664066463724,0.788251,P
324,2011.48,3700.0,0,88.23,0.077664066463724,0.000739,C
325,2011.48,3700.0,0,88.23,0.077664066463724,0.837861,P
326,2011.48,3800.0,0,90.86,0.077664066463724,0.000694,C
327,2011.48,3800.0,0,90.86,0.077664066463724,0.887468,P
328,2011.48,4000.0,0,93.0,0.07766403475393202,0.000469,C
329,2011.48,4000.0,0,93.01,0.07766403475393202,0.986537,P
330,2011.48,4200.0,0,95.55,0.07766403475393202,0.000342,C
331,2011.48,4200.0,0,95.55,0.07766403475393202,1.085713,P
332,2011.48,4400.0,0,96.09,0.07766403475393202,0.000206,C
333,2011.48,4400.0,0,96.09,0.07766403475393202,1.184881,P
334,2011.48,4500.0,0,101.03,0.07766403475393202,0.000272,C
335,2011.48,4500.0,0,101.03,0.07766403475393202,1.234598,P
336,2011.48,4600.0,0,101.46,0.07766403475393202,0.00022,C
337,2011.48,4600.0,0,101.46,0.07766403475393202,1.284198,P
338,2011.48,4800.0,0,105.61,0.07766403475393202,0.000211,C
339,2011.48,4800.0,0,105.61,0.07766403475393202,1.383493,P
340,2011.48,5000.0,0,109.93,0.07766403475393202,0.000211,C
341,2011.48,5000.0,0,109.93,0.07766400304414003,1.482796,P
342,2011.48,5200.0,0,114.05,0.07766400304414003,0.000211,C
343,2011.48,5200.0,0,114.05,0.07766400304414003,1.582112,P
344,2011.48,5400.0,0,118.0,0.07766400304414003,0.000211,C
345,2011.48,5400.0,0,118.0,0.07766400304414003,1.681416,P
346,2011.48,5500.0,0,119.61,0.07766400304414003,0.000205,C
347,2011.48,5500.0,0,119.61,0.07766400304414003,1.731062,P
348,2011.48,5600.0,0,121.48,0.07766400304414003,0.000205,C
349,2011.48,5600.0,0,121.48,0.07766400304414003,1.780713,P
350,2011.48,6000.0,0,128.58,0.07766400304414003,0.000205,C
351,2011.48,6000.0,0,128.58,0.07766400304414003,1.979321,P
352,2011.48,6500.0,0,136.75,0.07766400304414003,0.000205,C
353,2011.48,6500.0,0,136.75,0.07766400304414003,2.227581,P
354,2011.48,7000.0,0,144.24,0.07766397133434805,0.000204,C
355,2011.48,7000.0,0,143.95,0.07766397133434805,2.475956,P
356,2011.48,7500.0,0,150.85,0.07766397133434805,0.000199,C
357,2011.48,7500.0,0,150.85,0.07766397133434805,2.724224,P
358,2011.48,8000.0,0,157.25,0.07766397133434805,0.000199,C
359,2011.48,8000.0,0,157.25,0.07766397133434805,2.972493,P
360,2011.48,8500.0,0,163.22,0.07766397133434805,0.000199,C
361,2011.48,8500.0,0,163.22,0.07766397133434805,3.220761,P
362,2011.48,9000.0,0,168.44,0.07766397133434805,0.000194,C
363,2011.48,9000.0,0,168.44,0.07766397133434805,3.469024,P
364,2011.48,1000.0,0,86.42,0.17355438229325215,0.508163,C
365,2011.48,1000.0,0,86.42,0.17355438229325215,0.002396,P
366,2011.48,1200.0,0,76.55,0.17355435058346017,0.412118,C
367,2011.48,1200.0,0,76.55,0.17355435058346017,0.005197,P
368,2011.48,1400.0,0,69.32,0.17355435058346017,0.319562,C
369,2011.48,1400.0,0,69.32,0.17355435058346017,0.011499,P
370,2011.48,1600.0,0,63.87,0.17355435058346017,0.233721,C
371,2011.48,1600.0,0,63.87,0.17355435058346017,0.024506,P
372,2011.48,1700.0,0,61.82,0.17355435058346017,0.19485,C
373,2011.48,1700.0,0,61.82,0.17355435058346017,0.035059,P
374,2011.48,1800.0,0,60.95,0.17355435058346017,0.16063,C
375,2011.48,1800.0,0,60.95,0.17355435058346017,0.050263,P
376,2011.48,1900.0,0,60.54,0.17355435058346017,0.130871,C
377,2011.48,1900.0,0,60.54,0.17355435058346017,0.069928,P
378,2011.48,2000.0,0,60.0,0.17355435058346017,0.10489,C
379,2011.48,2000.0,0,60.0,0.17355431887366818,0.093371,P
380,2011.48,2100.0,0,60.06,0.17355431887366818,0.083733,C
381,2011.48,2100.0,0,60.06,0.17355431887366818,0.121639,P
382,2011.48,2200.0,0,59.82,0.17355431887366818,0.065706,C
383,2011.48,2200.0,0,59.82,0.17355431887366818,0.153032,P
384,2011.48,2300.0,0,60.1,0.17355431887366818,0.051738,C
385,2011.48,2300.0,0,60.1,0.17355431887366818,0.188488,P
386,2011.48,2400.0,0,60.54,0.17355431887366818,0.040741,C
387,2011.48,2400.0,0,60.54,0.17355431887366818,0.226915,P
388,2011.48,2500.0,0,61.18,0.17355431887366818,0.032241,C
389,2011.48,2500.0,0,61.18,0.17355431887366818,0.267839,P
390,2011.48,2600.0,0,62.0,0.17355431887366818,0.025741,C
391,2011.48,2600.0,0,62.0,0.17355431887366818,0.310762,P
392,2011.48,2700.0,0,63.66,0.1735542871638762,0.021495,C
393,2011.48,2700.0,0,63.66,0.1735542871638762,0.355941,P
394,2011.48,2800.0,0,63.81,0.1735542871638762,0.01674,C
395,2011.48,2800.0,0,63.81,0.1735542871638762,0.400602,P
396,2011.48,3000.0,0,66.11,0.1735542871638762,0.011493,C
397,2011.48,3000.0,0,66.11,0.1735542871638762,0.494202,P
398,2011.48,3200.0,0,68.54,0.1735542871638762,0.00823,C
399,2011.48,3200.0,0,68.54,0.1735542871638762,0.589787,P
400,2011.48,3400.0,0,71.22,0.1735542871638762,0.006223,C
401,2011.48,3400.0,0,71.22,0.1735542871638762,0.686627,P
402,2011.48,3500.0,0,72.56,0.1735542871638762,0.005486,C
403,2011.48,3500.0,0,72.56,0.1735542871638762,0.735313,P
404,2011.48,3600.0,0,72.56,0.1735542871638762,0.004382,C
405,2011.48,3600.0,0,72.56,0.17355425545408423,0.783633,P
406,2011.48,3800.0,0,77.37,0.17355425545408423,0.004213,C
407,2011.48,3800.0,0,77.37,0.17355425545408423,0.882344,P
408,2011.48,4000.0,0,78.09,0.17355425545408423,0.002995,C
409,2011.48,4000.0,0,78.09,0.17355425545408423,0.979975,P
410,2011.48,4200.0,0,82.14,0.17355425545408423,0.002892,C
411,2011.48,4200.0,0,82.14,0.17355425545408423,1.078721,P
412,2011.48,4500.0,0,87.18,0.17355425545408423,0.00263,C
413,2011.48,4500.0,0,87.18,0.17355425545408423,1.226733,P
414,2011.48,5000.0,0,93.58,0.17355425545408423,0.0021,C
415,2011.48,5000.0,0,93.58,0.17355425545408423,1.473325,P
416,2011.48,5500.0,0,93.58,0.17355425545408423,0.001046,C
417,2011.48,5500.0,0,93.58,0.17355422374429225,1.719394,P
418,2011.48,6000.0,0,93.58,0.17355422374429225,0.00053,C
419,2011.48,6000.0,0,93.58,0.17355422374429225,1.966005,P
420,2011.48,6500.0,0,93.58,0.17355422374429225,0.000273,C
421,2011.48,6500.0,0,93.58,0.17355422374429225,2.212871,P
422,2011.48,1000.0,0,80.75,0.25026655251141555,0.5121,C
423,2011.48,1000.0,0,80.75,0.25026655251141555,0.004495,P
424,2011.48,1200.0,0,72.83,0.25026655251141555,0.418356,C
425,2011.48,1200.0,0,72.83,0.25026655251141555,0.009236,P
426,2011.48,1400.0,0,67.15,0.25026655251141555,0.329386,C
427,2011.48,1400.0,0,67.15,0.25026655251141555,0.018746,P
428,2011.48,1600.0,0,63.31,0.25026655251141555,0.248663,C
429,2011.48,1600.0,0,63.31,0.25026655251141555,0.036502,P
430,2011.48,1700.0,0,62.36,0.25026652080162354,0.213213,C
431,2011.48,1700.0,0,62.36,0.25026652080162354,0.050293,P
432,2011.48,1800.0,0,61.49,0.25026652080162354,0.1809,C
433,2011.48,1800.0,0,61.49,0.25026652080162354,0.06722,P
434,2011.48,1900.0,0,60.72,0.25026652080162354,0.151919,C
435,2011.48,1900.0,0,60.72,0.25026652080162354,0.087479,P
436,2011.48,2000.0,0,60.44,0.25026652080162354,0.127108,C
437,2011.48,2000.0,0,60.44,0.25026652080162354,0.111908,P
438,2011.48,2100.0,0,59.27,0.25026652080162354,0.103701,C
439,2011.48,2100.0,0,59.27,0.25026652080162354,0.137741,P
440,2011.48,2200.0,0,60.73,0.25026652080162354,0.088538,C
441,2011.48,2200.0,0,60.73,0.25026652080162354,0.171818,P
442,2011.48,2300.0,0,65.41,0.25026652080162354,0.082224,C
443,2011.48,2300.0,0,65.41,0.2502664890918316,0.214744,P
444,2011.48,2400.0,0,61.73,0.2502664890918316,0.061996,C
445,2011.48,2400.0,0,61.73,0.2502664890918316,0.243755,P
446,2011.48,2500.0,0,62.02,0.2502664890918316,0.051496,C
447,2011.48,2500.0,0,62.02,0.2502664890918316,0.282496,P
448,2011.48,2600.0,0,62.77,0.2502664890918316,0.043499,C
449,2011.48,2600.0,0,62.77,0.2502664890918316,0.323732,P
450,2011.48,2700.0,0,65.41,0.2502664890918316,0.039765,C
451,2011.48,2700.0,0,65.41,0.2502664890918316,0.369238,P
452,2011.48,2800.0,0,65.41,0.2502664890918316,0.032962,C
453,2011.48,2800.0,0,65.41,0.2502664890918316,0.411675,P
454,2011.48,2900.0,0,65.41,0.2502664890918316,0.027274,C
455,2011.48,2900.0,0,65.41,0.2502664890918316,0.455226,P
456,2011.48,3000.0,0,65.41,0.25026645738203956,0.022532,C
457,2011.48,3000.0,0,65.41,0.25026645738203956,0.499724,P
458,2011.48,3100.0,0,66.13,0.25026645738203956,0.019361,C
459,2011.48,3100.0,0,66.13,0.25026645738203956,0.545793,P
460,2011.48,3200.0,0,66.63,0.25026645738203956,0.016496,C
461,2011.48,3200.0,0,66.63,0.25026645738203956,0.592109,P
462,2011.48,3300.0,0,67.46,0.25026645738203956,0.014397,C
463,2011.48,3300.0,0,67.46,0.25026645738203956,0.639244,P
464,2011.48,3400.0,0,68.43,0.25026645738203956,0.012741,C
465,2011.48,3400.0,0,68.43,0.25026645738203956,0.686826,P
466,2011.48,3500.0,0,69.25,0.25026645738203956,0.011239,C
467,2011.48,3500.0,0,69.25,0.25026645738203956,0.734562,P
468,2011.48,3600.0,0,70.48,0.2502664256722476,0.01025,C
469,2011.48,3600.0,0,70.48,0.2502664256722476,0.782811,P
470,2011.48,3700.0,0,70.98,0.2502664256722476,0.008932,C
471,2011.48,3700.0,0,70.98,0.2502664256722476,0.83073,P
472,2011.48,3800.0,0,71.78,0.2502664256722476,0.007992,C
473,2011.48,3800.0,0,71.78,0.2502664256722476,0.879029,P
474,2011.48,3900.0,0,72.59,0.2502664256722476,0.007188,C
475,2011.48,3900.0,0,72.59,0.2502664256722476,0.927462,P
476,2011.48,4000.0,0,73.85,0.2502664256722476,0.006727,C
477,2011.48,4000.0,0,73.85,0.2502664256722476,0.976238,P
478,2011.48,4100.0,0,74.79,0.2502664256722476,0.006175,C
479,2011.48,4100.0,0,74.79,0.2502664256722476,1.024925,P
480,2011.48,4200.0,0,75.25,0.2502664256722476,0.005487,C
481,2011.48,4200.0,0,75.25,0.2502663939624556,1.073475,P
482,2011.48,4300.0,0,77.02,0.2502663939624556,0.005436,C
483,2011.48,4300.0,0,77.02,0.2502663939624556,1.122661,P
484,2011.48,4400.0,0,78.86,0.2502663939624556,0.005435,C
485,2011.48,4400.0,0,78.86,0.2502663939624556,1.171899,P
486,2011.48,4500.0,0,78.27,0.2502663939624556,0.004501,C
487,2011.48,4500.0,0,78.27,0.2502663939624556,1.220202,P
488,2011.48,4600.0,0,78.86,0.2502663939624556,0.004104,C
489,2011.48,4600.0,0,78.86,0.2502663939624556,1.269043,P
490,2011.48,4800.0,0,79.86,0.2502663939624556,0.003397,C
491,2011.48,4800.0,0,79.86,0.2502663939624556,1.366811,P
492,2011.48,5000.0,0,81.25,0.2502663939624556,0.002943,C
493,2011.48,5000.0,0,81.25,0.2502663939624556,1.464833,P
494,2011.48,5200.0,0,81.42,0.25026636225266363,0.002307,C
495,2011.48,5200.0,0,81.42,0.25026636225266363,1.562672,P
496,2011.48,5400.0,0,84.07,0.25026636225266363,0.002306,C
497,2011.48,5400.0,0,84.07,0.25026636225266363,1.661147,P
498,2011.48,5600.0,0,86.6,0.25026636225266363,0.002306,C
499,2011.48,5600.0,0,86.6,0.25026636225266363,1.759623,P
500,2011.48,5800.0,0,89.03,0.25026636225266363,0.002306,C
501,2011.48,5800.0,0,89.03,0.25026636225266363,1.858098,P
502,2011.48,6000.0,0,89.03,0.25026636225266363,0.001865,C
503,2011.48,6000.0,0,89.03,0.25026636225266363,1.956133,P
504,2011.48,6200.0,0,89.03,0.25026636225266363,0.001513,C
505,2011.48,6200.0,0,89.03,0.25026636225266363,2.054256,P
506,2011.48,6400.0,0,90.4,0.25026636225266363,0.00141,C
507,2011.48,6400.0,0,90.4,0.2502663305428716,2.152629,P
508,2011.48,6600.0,0,92.4,0.2502663305428716,0.00141,C
509,2011.48,6600.0,0,92.4,0.2502663305428716,2.251105,P
510,2011.48,6800.0,0,94.33,0.2502663305428716,0.00141,C
511,2011.48,6800.0,0,94.33,0.2502663305428716,2.34958,P
512,2011.48,7000.0,0,94.33,0.2502663305428716,0.001177,C
513,2011.48,7000.0,0,94.33,0.2502663305428716,2.447823,P
514,2011.48,7200.0,0,94.33,0.2502663305428716,0.000985,C
515,2011.48,7200.0,0,94.33,0.2502663305428716,2.546106,P
516,2011.48,7400.0,0,95.94,0.2502663305428716,0.000975,C
517,2011.48,7400.0,0,95.94,0.2502663305428716,2.644572,P
518,2011.48,7600.0,0,97.59,0.2502663305428716,0.000975,C
519,2011.48,7600.0,0,97.59,0.25026629883307966,2.743048,P
520,2011.48,7800.0,0,99.19,0.25026629883307966,0.000975,C
521,2011.48,7800.0,0,99.19,0.25026629883307966,2.841523,P
522,2011.48,8000.0,0,99.51,0.25026629883307966,0.000862,C
523,2011.48,8000.0,0,99.51,0.25026629883307966,2.939886,P
524,2011.48,8200.0,0,101.0,0.25026629883307966,0.000862,C
525,2011.48,8200.0,0,101.0,0.25026629883307966,3.038341,P
526,2011.48,8400.0,0,102.46,0.25026629883307966,0.000862,C
527,2011.48,8400.0,0,102.46,0.25026629883307966,3.136816,P
528,2011.48,9000.0,0,105.6,0.25026629883307966,0.000781,C
529,2011.48,9000.0,0,105.6,0.25026629883307966,3.432161,P
530,2011.48,10000.0,0,110.17,0.25026629883307966,0.000665,C
531,2011.48,10000.0,0,110.17,0.25026629883307966,3.924421,P
532,2011.48,11000.0,0,112.85,0.25026626712328764,0.000504,C
533,2011.48,11000.0,0,112.85,0.25026626712328764,4.416635,P
534,2011.48,12000.0,0,117.0,0.25026626712328764,0.000468,C
535,2011.48,12000.0,0,117.0,0.25026626712328764,4.908974,P
536,2011.48,13000.0,0,119.79,0.25026626712328764,0.000397,C
537,2011.48,13000.0,0,119.79,0.25026626712328764,5.401279,P
538,2011.48,14000.0,0,124.57,0.25026626712328764,0.000427,C
539,2011.48,14000.0,0,124.57,0.25026626712328764,5.893685,P
540,2011.48,15000.0,0,115.13,0.25026626712328764,0.0001,C
541,2011.48,15000.0,0,115.13,0.25026626712328764,6.385733,P
542,2011.48,16000.0,0,118.35,0.25026626712328764,0.0001,C
543,2011.48,16000.0,0,118.35,0.25026626712328764,6.878109,P
544,2011.48,17000.0,0,121.35,0.25026626712328764,0.0001,C
545,2011.48,17000.0,0,121.35,0.2502662354134957,7.370485,P
546,2011.48,18000.0,0,124.18,0.2502662354134957,0.0001,C
547,2011.48,18000.0,0,124.18,0.2502662354134957,7.86286,P
548,2011.48,19000.0,0,124.99,0.2502662354134957,8e-05,C
549,2011.48,19000.0,0,124.99,0.2502662354134957,8.355216,P
550,2011.48,20000.0,0,124.99,0.2502662354134957,5.9e-05,C
551,2011.48,20000.0,0,124.99,0.2502662354134957,8.847667,P
552,2011.48,21000.0,0,124.99,0.2502662354134957,4.4e-05,C
553,2011.48,21000.0,0,124.99,0.2502662354134957,9.340032,P
554,2011.48,1000.0,0,73.29,0.49958130390664635,0.528301,C
555,2011.48,1000.0,0,73.29,0.49958130390664635,0.012994,P
556,2011.48,1200.0,0,68.98,0.49958130390664635,0.442857,C
557,2011.48,1200.0,0,68.98,0.4995812721968544,0.024489,P
558,2011.48,1400.0,0,80.45,0.4995812721968544,0.388942,C
559,2011.48,1400.0,0,80.45,0.4995812721968544,0.067512,P
560,2011.48,1600.0,0,63.83,0.4995812721968544,0.29468,C
561,2011.48,1600.0,0,63.83,0.4995812721968544,0.070189,P
562,2011.48,1700.0,0,63.25,0.4995812721968544,0.263982,C
563,2011.48,1700.0,0,63.25,0.4995812721968544,0.08796,P
564,2011.48,1800.0,0,62.87,0.4995812721968544,0.236013,C
565,2011.48,1800.0,0,62.87,0.4995812721968544,0.108461,P
566,2011.48,1900.0,0,62.71,0.4995812721968544,0.210932,C
567,2011.48,1900.0,0,62.71,0.4995812721968544,0.13185,P
568,2011.48,2000.0,0,62.56,0.4995812721968544,0.188101,C
569,2011.48,2000.0,0,62.56,0.4995812721968544,0.157488,P
570,2011.48,2100.0,0,62.96,0.49958124048706243,0.168939,C
571,2011.48,2100.0,0,62.96,0.49958124048706243,0.186795,P
572,2011.48,2200.0,0,62.49,0.49958124048706243,0.149359,C
573,2011.48,2200.0,0,62.49,0.49958124048706243,0.215685,P
574,2011.48,2300.0,0,63.31,0.49958124048706243,0.135277,C
575,2011.48,2300.0,0,63.31,0.49958124048706243,0.250072,P
576,2011.48,2400.0,0,63.47,0.49958124048706243,0.121032,C
577,2011.48,2400.0,0,63.47,0.49958124048706243,0.284296,P
578,2011.48,2500.0,0,63.71,0.49958124048706243,0.108531,C
579,2011.48,2500.0,0,63.71,0.49958124048706243,0.3202,P
580,2011.48,2600.0,0,63.47,0.49958124048706243,0.096056,C
581,2011.48,2600.0,0,63.47,0.49958124048706243,0.356191,P
582,2011.48,2700.0,0,63.82,0.49958124048706243,0.086466,C
583,2011.48,2700.0,0,63.82,0.4995812087772704,0.395068,P
584,2011.48,2800.0,0,63.92,0.4995812087772704,0.077285,C
585,2011.48,2800.0,0,63.92,0.4995812087772704,0.434354,P
586,2011.48,2900.0,0,64.44,0.4995812087772704,0.070164,C
587,2011.48,2900.0,0,64.44,0.4995812087772704,0.4757,P
588,2011.48,3000.0,0,65.03,0.4995812087772704,0.064022,C
589,2011.48,3000.0,0,65.03,0.4995812087772704,0.518024,P
590,2011.48,3100.0,0,65.12,0.4995812087772704,0.057416,C
591,2011.48,3100.0,0,65.11,0.4995812087772704,0.559921,P
592,2011.48,3200.0,0,65.32,0.4995812087772704,0.051773,C
593,2011.48,3200.0,0,65.32,0.4995812087772704,0.602754,P
594,2011.48,3300.0,0,66.08,0.4995812087772704,0.047923,C
595,2011.48,3300.0,0,66.08,0.4995812087772704,0.647373,P
596,2011.48,3400.0,0,66.47,0.49958117706747845,0.043757,C
597,2011.48,3400.0,0,66.47,0.49958117706747845,0.691675,P
598,2011.48,3500.0,0,67.75,0.49958117706747845,0.041752,C
599,2011.48,3500.0,0,67.75,0.49958117706747845,0.738138,P
600,2011.48,3600.0,0,69.94,0.49958117706747845,0.041752,C
601,2011.48,3600.0,0,69.94,0.49958117706747845,0.786605,P
602,2011.48,3700.0,0,70.43,0.49958117706747845,0.038743,C
603,2011.48,3700.0,0,70.43,0.49958117706747845,0.832031,P
604,2011.48,3800.0,0,71.47,0.49958117706747845,0.037008,C
605,2011.48,3800.0,0,71.47,0.49958117706747845,0.878763,P
606,2011.48,3900.0,0,72.43,0.49958117706747845,0.035337,C
607,2011.48,3900.0,0,72.43,0.49958117706747845,0.925559,P
608,2011.48,4000.0,0,69.45,0.49958114535768644,0.027507,C
609,2011.48,4000.0,0,69.45,0.49958114535768644,0.966196,P
610,2011.48,4100.0,0,71.18,0.49958114535768644,0.027507,C
611,2011.48,4100.0,0,71.18,0.49958114535768644,1.014663,P
612,2011.48,4200.0,0,70.44,0.49958114535768644,0.024006,C
613,2011.48,4200.0,0,70.44,0.49958114535768644,1.059629,P
614,2011.48,4300.0,0,72.02,0.49958114535768644,0.024006,C
615,2011.48,4300.0,0,72.02,0.49958114535768644,1.108097,P
616,2011.48,4400.0,0,72.43,0.49958114535768644,0.02247,C
617,2011.48,4400.0,0,72.43,0.49958114535768644,1.155049,P
618,2011.48,4500.0,0,73.36,0.49958114535768644,0.021747,C
619,2011.48,4500.0,0,73.36,0.49958114535768644,1.202793,P
620,2011.48,4600.0,0,72.17,0.49958114535768644,0.018503,C
621,2011.48,4600.0,0,72.17,0.4995811136478945,1.248017,P
622,2011.48,4700.0,0,73.36,0.4995811136478945,0.018298,C
623,2011.48,4700.0,0,73.36,0.4995811136478945,1.296279,P
624,2011.48,4800.0,0,73.54,0.4995811136478945,0.016999,C
625,2011.48,4800.0,0,73.54,0.4995811136478945,1.343448,P
626,2011.48,5000.0,0,75.35,0.4995811136478945,0.016227,C
627,2011.48,5000.0,0,75.35,0.4995811136478945,1.439611,P
628,2011.48,5200.0,0,77.74,0.4995811136478945,0.016226,C
629,2011.48,5200.0,0,77.74,0.4995811136478945,1.536534,P
630,2011.48,5400.0,0,80.01,0.4995811136478945,0.016226,C
631,2011.48,5400.0,0,80.01,0.4995811136478945,1.633469,P
632,2011.48,5600.0,0,82.18,0.4995811136478945,0.016226,C
633,2011.48,5600.0,0,82.18,0.4995811136478945,1.730403,P
634,2011.48,5800.0,0,84.26,0.49958108193810247,0.016225,C
635,2011.48,5800.0,0,84.26,0.49958108193810247,1.827338,P
636,2011.48,6000.0,0,84.26,0.49958108193810247,0.01432,C
637,2011.48,6000.0,0,84.26,0.49958108193810247,1.922368,P
638,2011.48,6200.0,0,85.17,0.49958108193810247,0.013448,C
639,2011.48,6200.0,0,85.17,0.49958108193810247,2.018431,P
640,2011.48,6400.0,0,86.97,0.49958108193810247,0.013447,C
641,2011.48,6400.0,0,86.97,0.49958108193810247,2.115364,P
642,2011.48,6600.0,0,88.69,0.49958108193810247,0.013445,C
643,2011.48,6600.0,0,88.69,0.49958108193810247,2.212328,P
644,2011.48,6800.0,0,90.36,0.49958108193810247,0.013443,C
645,2011.48,6800.0,0,90.36,0.49958108193810247,2.309262,P
646,2011.48,7000.0,0,90.36,0.49958108193810247,0.012125,C
647,2011.48,7000.0,0,90.36,0.4995810502283105,2.40488,P
648,2011.48,7200.0,0,91.14,0.4995810502283105,0.011532,C
649,2011.48,7200.0,0,91.14,0.4995810502283105,2.501223,P
650,2011.48,7400.0,0,92.61,0.4995810502283105,0.011529,C
651,2011.48,7400.0,0,92.61,0.4995810502283105,2.598156,P
652,2011.48,7600.0,0,94.05,0.4995810502283105,0.011527,C
653,2011.48,7600.0,0,94.05,0.4995810502283105,2.69509,P
654,2011.48,7800.0,0,95.43,0.4995810502283105,0.011525,C
655,2011.48,7800.0,0,95.43,0.4995810502283105,2.792114,P
656,2011.48,8000.0,0,95.43,0.4995810502283105,0.010556,C
657,2011.48,8000.0,0,95.43,0.4995810502283105,2.888084,P
658,2011.48,8200.0,0,95.43,0.4995810502283105,0.009679,C
659,2011.48,8200.0,0,95.43,0.4995810185185185,2.984145,P
660,2011.48,8400.0,0,87.95,0.4995810185185185,0.005,C
661,2011.48,8400.0,0,87.95,0.4995810185185185,3.076405,P
662,2011.48,9000.0,0,88.6,0.4995810185185185,0.003959,C
663,2011.48,9000.0,0,88.6,0.4995810185185185,3.366178,P
664,2011.48,10000.0,0,91.85,0.4995810185185185,0.0034,C
665,2011.48,10000.0,0,91.85,0.4995810185185185,3.85031,P
666,2011.48,11000.0,0,95.43,0.4995810185185185,0.003168,C
667,2011.48,11000.0,0,95.43,0.4995810185185185,4.334873,P
668,2011.48,12000.0,0,94.06,0.4995810185185185,0.001928,C
669,2011.48,12000.0,0,94.06,0.4995810185185185,4.818333,P
670,2011.48,13000.0,0,97.52,0.4995810185185185,0.001929,C
671,2011.48,13000.0,0,97.52,0.4995810185185185,5.303035,P
672,2011.48,14000.0,0,98.01,0.49958098680872653,0.001479,C
673,2011.48,14000.0,0,98.01,0.49958098680872653,5.787285,P
674,2011.48,15000.0,0,92.42,0.49958098680872653,0.000567,C
675,2011.48,15000.0,0,92.42,0.49958098680872653,6.271073,P
676,2011.48,16000.0,0,83.25,0.49958098680872653,0.0001,C
677,2011.48,16000.0,0,83.25,0.49958098680872653,6.755307,P
678,2011.48,17000.0,0,85.38,0.49958098680872653,0.0001,C
679,2011.48,17000.0,0,85.38,0.49958098680872653,7.240007,P
680,2011.48,18000.0,0,87.38,0.49958098680872653,0.0001,C
681,2011.48,18000.0,0,87.38,0.49958098680872653,7.724961,P
682,2011.48,19000.0,0,89.26,0.49958098680872653,0.0001,C
683,2011.48,19000.0,0,89.26,0.49958098680872653,8.209676,P
684,2011.48,20000.0,0,91.04,0.49958098680872653,0.0001,C
685,2011.48,20000.0,0,91.04,0.4995809550989346,8.694391,P
686,2011.48,1000.0,0,70.77,0.7490101788432267,0.546088,C
687,2011.48,1000.0,0,70.77,0.7490101788432267,0.0225,P
688,2011.48,1200.0,0,67.89,0.7490101788432267,0.467805,C
689,2011.48,1200.0,0,67.89,0.7490101788432267,0.039502,P
690,2011.48,1400.0,0,71.8,0.7490101788432267,0.409607,C
691,2011.48,1400.0,0,71.8,0.7490101788432267,0.076594,P
692,2011.48,1500.0,0,64.84,0.7490101788432267,0.363912,C
693,2011.48,1500.0,0,64.84,0.7490101788432267,0.078542,P
694,2011.48,1600.0,0,64.46,0.7490101788432267,0.334233,C
695,2011.48,1600.0,0,64.46,0.7490101788432267,0.096504,P
696,2011.48,1700.0,0,64.22,0.7490101788432267,0.306842,C
697,2011.48,1700.0,0,64.22,0.7490101788432267,0.116755,P
698,2011.48,1800.0,0,64.02,0.7490101471334348,0.281491,C
699,2011.48,1800.0,0,64.02,0.7490101471334348,0.139046,P
700,2011.48,1900.0,0,63.76,0.7490101471334348,0.257809,C
701,2011.48,1900.0,0,63.76,0.7490101471334348,0.163007,P
702,2011.48,2000.0,0,63.72,0.7490101471334348,0.236522,C
703,2011.48,2000.0,0,63.72,0.7490101471334348,0.189389,P
704,2011.48,2100.0,0,64.31,0.7490101471334348,0.219063,C
705,2011.48,2100.0,0,64.31,0.7490101471334348,0.219573,P
706,2011.48,2200.0,0,64.01,0.7490101471334348,0.200238,C
707,2011.48,2200.0,0,64.01,0.7490101471334348,0.248391,P
708,2011.48,2300.0,0,64.35,0.7490101471334348,0.185021,C
709,2011.48,2300.0,0,64.35,0.7490101471334348,0.280817,P
710,2011.48,2400.0,0,64.28,0.7490101154236428,0.169736,C
711,2011.48,2400.0,0,64.28,0.7490101154236428,0.313176,P
712,2011.48,2500.0,0,67.32,0.7490101154236428,0.166488,C
713,2011.48,2500.0,0,67.32,0.7490101154236428,0.357571,P
714,2011.48,2600.0,0,64.47,0.7490101154236428,0.143988,C
715,2011.48,2600.0,0,64.47,0.7490101154236428,0.38274,P
716,2011.48,2700.0,0,66.47,0.7490101154236428,0.139226,C
717,2011.48,2700.0,0,66.47,0.7490101154236428,0.425626,P
718,2011.48,2800.0,0,69.62,0.7490101154236428,0.139224,C
719,2011.48,2800.0,0,69.62,0.7490101154236428,0.473269,P
720,2011.48,2900.0,0,69.62,0.7490101154236428,0.12925,C
721,2011.48,2900.0,0,69.62,0.7490101154236428,0.51094,P
722,2011.48,3000.0,0,65.8,0.7490101154236428,0.107487,C
723,2011.48,3000.0,0,65.8,0.7490100837138508,0.536821,P
724,2011.48,3100.0,0,64.77,0.7490100837138508,0.095955,C
725,2011.48,3100.0,0,64.77,0.7490100837138508,0.572933,P
726,2011.48,3200.0,0,66.24,0.7490100837138508,0.092988,C
727,2011.48,3200.0,0,66.24,0.7490100837138508,0.617611,P
728,2011.48,3300.0,0,68.52,0.7490100837138508,0.09297,C
729,2011.48,3300.0,0,68.52,0.7490100837138508,0.665416,P
730,2011.48,3400.0,0,67.05,0.7490100837138508,0.081928,C
731,2011.48,3400.0,0,67.05,0.7490100837138508,0.702025,P
732,2011.48,3500.0,0,67.75,0.7490100837138508,0.077973,C
733,2011.48,3500.0,0,67.75,0.7490100837138508,0.745719,P
734,2011.48,3600.0,0,69.63,0.7490100837138508,0.077775,C
735,2011.48,3600.0,0,69.63,0.7490100837138508,0.793171,P
736,2011.48,3700.0,0,69.63,0.7490100520040589,0.072469,C
737,2011.48,3700.0,0,69.63,0.7490100520040589,0.835516,P
738,2011.48,3800.0,0,68.12,0.7490100520040589,0.063478,C
739,2011.48,3800.0,0,68.12,0.7490100520040589,0.874175,P
740,2011.48,3900.0,0,69.63,0.7490100520040589,0.063013,C
741,2011.48,3900.0,0,69.63,0.7490100520040589,0.921403,P
742,2011.48,4000.0,0,68.72,0.7490100520040589,0.056479,C
743,2011.48,4000.0,0,68.72,0.7490100520040589,0.962521,P
744,2011.48,4100.0,0,69.63,0.7490100520040589,0.054893,C
745,2011.48,4100.0,0,69.63,0.7490100520040589,1.008586,P
746,2011.48,4200.0,0,69.51,0.7490100520040589,0.050981,C
747,2011.48,4200.0,0,69.51,0.7490100520040589,1.052325,P
748,2011.48,4300.0,0,69.63,0.7490100520040589,0.047911,C
749,2011.48,4300.0,0,69.63,0.7490100202942669,1.096906,P
750,2011.48,4400.0,0,69.63,0.7490100202942669,0.044793,C
751,2011.48,4400.0,0,69.63,0.7490100202942669,1.141438,P
752,2011.48,4600.0,0,69.63,0.7490100202942669,0.039206,C
753,2011.48,4600.0,0,69.63,0.7490100202942669,1.231138,P
754,2011.48,4800.0,0,71.8,0.7490100202942669,0.03871,C
755,2011.48,4800.0,0,71.8,0.7490100202942669,1.325938,P
756,2011.48,5000.0,0,71.8,0.7490100202942669,0.034231,C
757,2011.48,5000.0,0,71.8,0.7490100202942669,1.41676,P
758,2011.48,5200.0,0,71.8,0.7490100202942669,0.030323,C
759,2011.48,5200.0,0,71.8,0.7490100202942669,1.508153,P
760,2011.48,5400.0,0,72.22,0.7490100202942669,0.027611,C
761,2011.48,5400.0,0,72.22,0.7490099885844749,1.600742,P
762,2011.48,5600.0,0,70.84,0.7490099885844749,0.022459,C
763,2011.48,5600.0,0,70.84,0.7490099885844749,1.690892,P
764,2011.48,5800.0,0,72.22,0.7490099885844749,0.021898,C
765,2011.48,5800.0,0,72.22,0.7490099885844749,1.785632,P
766,2011.48,6000.0,0,73.71,0.7490099885844749,0.021625,C
767,2011.48,6000.0,0,73.71,0.7490099885844749,1.88066,P
768,2011.48,6200.0,0,73.9,0.7490099885844749,0.019673,C
769,2011.48,6200.0,0,73.9,0.7490099885844749,1.97401,P
770,2011.48,6400.0,0,75.44,0.7490099885844749,0.019673,C
771,2011.48,6400.0,0,75.44,0.7490099885844749,2.069311,P
772,2011.48,6600.0,0,76.91,0.7490099885844749,0.019673,C
773,2011.48,6600.0,0,76.91,0.7490099885844749,2.164611,P
774,2011.48,6800.0,0,78.33,0.7490099568746829,0.019672,C
775,2011.48,6800.0,0,78.33,0.7490099568746829,2.259912,P
776,2011.48,7000.0,0,79.7,0.7490099568746829,0.019672,C
777,2011.48,7000.0,0,79.7,0.7490099568746829,2.355213,P
778,2011.48,7200.0,0,81.02,0.7490099568746829,0.019672,C
779,2011.48,7200.0,0,81.02,0.7490099568746829,2.450581,P
780,2011.48,7400.0,0,82.3,0.7490099568746829,0.019673,C
781,2011.48,7400.0,0,82.3,0.7490099568746829,2.545883,P
782,2011.48,7600.0,0,83.53,0.7490099568746829,0.019672,C
783,2011.48,7600.0,0,83.53,0.7490099568746829,2.641186,P
784,2011.48,7800.0,0,84.73,0.7490099568746829,0.019672,C
785,2011.48,7800.0,0,84.73,0.7490099568746829,2.736489,P
786,2011.48,8000.0,0,84.09,0.7490099568746829,0.017496,C
787,2011.48,8000.0,0,84.09,0.749009925164891,2.829615,P
788,2011.48,9000.0,0,82.19,0.749009925164891,0.010497,C
789,2011.48,9000.0,0,82.19,0.749009925164891,3.299132,P
790,2011.48,10000.0,0,84.64,0.749009925164891,0.008998,C
791,2011.48,10000.0,0,84.64,0.749009925164891,3.774148,P
792,2011.48,11000.0,0,85.68,0.749009925164891,0.007133,C
793,2011.48,11000.0,0,85.68,0.749009925164891,4.248797,P
794,2011.48,12000.0,0,80.24,0.749009925164891,0.003066,C
795,2011.48,12000.0,0,80.24,0.749009925164891,4.721245,P
796,2011.48,13000.0,0,81.62,0.749009925164891,0.002593,C
797,2011.48,13000.0,0,81.62,0.749009925164891,5.197287,P
798,2011.48,14000.0,0,83.93,0.749009925164891,0.002499,C
799,2011.48,14000.0,0,83.93,0.749009925164891,5.673709,P
800,2011.48,15000.0,0,85.93,0.7490098934550989,0.002385,C
801,2011.48,15000.0,0,85.93,0.7490098934550989,6.150109,P
802,2011.48,16000.0,0,86.51,0.7490098934550989,0.001982,C
803,2011.48,16000.0,0,86.51,0.7490098934550989,6.626221,P
804,2011.48,17000.0,0,86.51,0.7490098934550989,0.001561,C
805,2011.48,17000.0,0,86.51,0.7490098934550989,7.102316,P
806,2011.48,18000.0,0,80.72,0.7490098934550989,0.000567,C
807,2011.48,18000.0,0,80.72,0.7490098934550989,7.577836,P
808,2011.48,19000.0,0,72.43,0.7490098934550989,0.0001,C
809,2011.48,19000.0,0,72.43,0.7490098934550989,8.053884,P
810,2011.48,20000.0,0,73.89,0.7490098934550989,0.0001,C
811,2011.48,20000.0,0,73.89,0.7490098934550989,8.530399,P
812,2011.48,1000.0,0,68.29,0.998210774987316,0.539544,C
813,2011.48,1000.0,0,68.29,0.998210774987316,0.036955,P
814,2011.48,1200.0,0,65.85,0.998210774987316,0.463998,C
815,2011.48,1200.0,0,65.85,0.998210774987316,0.060891,P
816,2011.48,1400.0,0,65.85,0.998210774987316,0.401238,C
817,2011.48,1400.0,0,65.85,0.998210774987316,0.097613,P
818,2011.48,1600.0,0,65.0,0.998210774987316,0.34416,C
819,2011.48,1600.0,0,65.0,0.998210774987316,0.140017,P
820,2011.48,1700.0,0,57.64,0.998210774987316,0.294914,C
821,2011.48,1700.0,0,57.64,0.998210774987316,0.140513,P
822,2011.48,1800.0,0,64.55,0.998210774987316,0.295433,C
823,2011.48,1800.0,0,64.55,0.998210774987316,0.190773,P
824,2011.48,1900.0,0,57.14,0.998210774987316,0.247081,C
825,2011.48,1900.0,0,57.14,0.9982107432775241,0.192162,P
826,2011.48,2000.0,0,64.63,0.9982107432775241,0.255208,C
827,2011.48,2000.0,0,64.63,0.9982107432775241,0.25003,P
828,2011.48,2100.0,0,56.66,0.9982107432775241,0.206255,C
829,2011.48,2100.0,0,56.66,0.9982107432775241,0.250818,P
830,2011.48,2200.0,0,64.49,0.9982107432775241,0.219981,C
831,2011.48,2200.0,0,64.49,0.9982107432775241,0.314285,P
832,2011.48,2300.0,0,56.28,0.9982107432775241,0.171934,C
833,2011.48,2300.0,0,56.28,0.9982107432775241,0.31598,P
834,2011.48,2400.0,0,64.47,0.9982107432775241,0.190253,C
835,2011.48,2400.0,0,64.47,0.9982107432775241,0.38404,P
836,2011.48,2600.0,0,55.18,0.9982107432775241,0.128228,C
837,2011.48,2600.0,0,55.18,0.9982107432775241,0.42149,P
838,2011.48,2800.0,0,60.57,0.9982107115677321,0.128068,C
839,2011.48,2800.0,0,60.57,0.9982107115677321,0.520812,P
840,2011.48,3000.0,0,65.54,0.9982107115677321,0.128739,C
841,2011.48,3000.0,0,65.54,0.9982107115677321,0.620965,P
842,2011.48,3200.0,0,65.98,0.9982107115677321,0.114321,C
843,2011.48,3200.0,0,65.98,0.9982107115677321,0.706028,P
844,2011.48,3400.0,0,65.98,0.9982107115677321,0.100401,C
845,2011.48,3400.0,0,65.98,0.9982107115677321,0.79159,P
846,2011.48,3600.0,0,65.98,0.9982107115677321,0.088362,C
847,2011.48,3600.0,0,65.98,0.9982107115677321,0.879032,P
848,2011.48,3800.0,0,65.98,0.9982107115677321,0.077928,C
849,2011.48,3800.0,0,65.98,0.9982107115677321,0.968063,P
850,2011.48,4000.0,0,67.62,0.9982106798579401,0.073972,C
851,2011.48,4000.0,0,67.62,0.9982106798579401,1.063587,P
852,2011.48,4200.0,0,67.62,0.9982106798579401,0.06582,C
853,2011.48,4200.0,0,67.62,0.9982106798579401,1.154915,P
854,2011.48,4400.0,0,67.91,0.9982106798579401,0.059515,C
855,2011.48,4400.0,0,67.91,0.9982106798579401,1.24809,P
856,2011.48,5000.0,0,69.83,0.9982106798579401,0.04747,C
857,2011.48,5000.0,0,69.83,0.9982106798579401,1.534488,P
858,2011.48,6000.0,0,72.47,0.9982106798579401,0.034194,C
859,2011.48,6000.0,0,72.47,0.9982106798579401,2.018616,P
860,2011.48,7000.0,0,74.7,0.9982106798579401,0.025934,C
861,2011.48,7000.0,0,74.7,0.9982106798579401,2.507759,P
862,2011.48,8000.0,0,74.7,0.9982106798579401,0.017746,C
863,2011.48,8000.0,0,74.7,0.9982106481481482,2.996994,P
864,2011.48,9000.0,0,74.7,0.9982106481481482,0.012431,C
865,2011.48,9000.0,0,74.7,0.9982106481481482,3.489085,P
866,2011.48,10000.0,0,74.7,0.9982106481481482,0.008887,C
867,2011.48,10000.0,0,74.7,0.9982106481481482,3.982947,P
868,2011.48,11000.0,0,74.7,0.9982106481481482,0.006468,C
869,2011.48,11000.0,0,74.7,0.9982106481481482,4.477934,P
